Parameter,May-11,Jun-11,Jul-11,Aug-11,Sep-11,Oct-11,Nov-11,Dec-11,Jan-12,Feb-12,Mar-12,Apr-12,May-12
Absolute Volume/Processing Head Count,0,0,1638.87931,1749.551724,2119.65,1608.616667,1690.9,1601.693548,1522.951613,1578.209677,1671.904762,1459.25,1600.393939
