Parameter,May-11,Jun-11,Jul-11,Aug-11,Sep-11,Oct-11,Nov-11,Dec-11,Jan-12,Feb-12,Mar-12,Apr-12,May-12
Backlog,0,0,0,0,0,0,0,0,0,93,343,197,33
TAT Compliance,1,1,1,1,1,1,1,1,1,0.999049556,0.996743568,0.997890612,0.999687577
