Parameter,May-11,Jun-11,Jul-11,Aug-11,Sep-11,Oct-11,Nov-11,Dec-11,Jan-12,Feb-12,Mar-12,Apr-12,May-12
Customer Complaints,16,17,10,5,1,1,1,1,6,1,37,22,18
Accuracy,0.999838927,0.999830672,0.999894798,0.999950894,0.999992198,0.999991712,0.999992123,0.999992131,0.999971172,0.999995487,0.999846781,0.999901869,0.999930461
Point Zero Target,1,1,1,1,1,1,1,1,1,1,1,1,1
50% Gap,1,1,1,1,1,1,1,1,1,1,1,1,1
